{
    "original_mean": 47113419.49027973,
    "original_std": 5444206.20253656,
    "differenced_mean": -29624.114154929583,
    "differenced_std": 6284025.500197348,
    "variance_ratio": 1.1542592742481907,
    "mean_stability_ratio": 0.004714193816368066,
    "is_stationary_str": "No",
    "interpretation": "Series appears to be NON-STATIONARY (requires differencing)"
}